id,first_name,last_name,email,gender,ip_address
1,Zolly,Basilotta,zbasilotta0@sciencedaily.com,Male,67.201.17.185
2,Stinky,Manske,smanske1@nifty.com,Male,211.85.162.70
3,Aggi,Cauley,acauley2@harvard.edu,Female,72.47.44.16
4,Paco,Klimaszewski,pklimaszewski3@de.vu,Male,82.74.9.188
5,Layne,Conneely,lconneely4@eepurl.com,Genderfluid,252.19.70.149
6,Chickie,Slarke,cslarke5@nymag.com,Non-binary,202.9.132.80
7,Randi,MacAllister,rmacallister6@themeforest.net,Female,59.15.106.101
8,Rickard,Iannuzzelli,riannuzzelli7@nasa.gov,Male,129.101.159.158
9,Viviene,Dooman,vdooman8@alexa.com,Female,52.187.200.245
10,Morlee,Gibbie,mgibbie9@360.cn,Male,40.253.68.228
11,Codi,Fosken,cfoskena@bbb.org,Female,32.8.86.61
12,Orlan,Goode,ogoodeb@liveinternet.ru,Male,120.200.102.65
13,Raviv,Narracott,rnarracottc@amazon.de,Male,243.53.172.251
14,Reagan,Calder,rcalderd@smugmug.com,Male,172.39.239.234
15,Clarke,Schach,cschache@rakuten.co.jp,Genderqueer,79.3.154.152
16,Eda,Lingwood,elingwoodf@pagesperso-orange.fr,Female,191.39.85.245
17,Batholomew,Lucas,blucasg@unicef.org,Male,196.207.209.15
18,Abran,Langham,alanghamh@squidoo.com,Male,91.137.221.194
19,Bryan,Schaffel,bschaffeli@oakley.com,Male,15.196.134.95
20,Prince,Landa,plandaj@a8.net,Male,160.50.68.108
21,Lars,Dreamer,ldreamerk@soup.io,Male,76.228.24.26
22,Benjamin,MacKettrick,bmackettrickl@drupal.org,Male,151.70.29.131
23,Jessa,Boxell,jboxellm@cdc.gov,Female,210.165.175.66
24,Hatti,Fraschetti,hfraschettin@ebay.co.uk,Female,90.82.200.34
25,Iolanthe,Waters,iwaterso@webmd.com,Female,109.209.218.168
26,Orin,Dufore,oduforep@pagesperso-orange.fr,Male,53.3.101.11
27,Emalia,Sirrell,esirrellq@house.gov,Female,217.173.187.150
28,Miller,Filipputti,mfilipputtir@answers.com,Male,163.60.68.171
29,Terry,Korn,tkorns@dropbox.com,Female,249.196.69.143
30,Rodi,Bromet,rbromett@addtoany.com,Female,46.155.81.91
31,Lyndel,Wendover,lwendoveru@google.ca,Female,144.191.165.222
32,Steffie,Dismore,sdismorev@ucsd.edu,Female,169.177.51.31
33,Rebekah,Pitkeathly,rpitkeathlyw@macromedia.com,Female,58.94.74.123
34,Waylin,Kingsmill,wkingsmillx@goo.ne.jp,Male,23.59.93.16
35,Zackariah,Huckel,zhuckely@xrea.com,Male,14.86.218.212
36,Elke,De Santos,edesantosz@columbia.edu,Female,233.154.239.140
37,Xylina,Fiddler,xfiddler10@jugem.jp,Female,158.121.79.130
38,Andonis,Santry,asantry11@hexun.com,Male,135.222.157.189
39,Sigismondo,Barkshire,sbarkshire12@shutterfly.com,Male,246.252.246.181
40,Petronilla,Durdle,pdurdle13@live.com,Female,233.117.196.130
41,Alexa,Tommis,atommis14@rediff.com,Female,157.212.23.188
42,Che,Grimsdell,cgrimsdell15@craigslist.org,Male,244.203.232.78
43,Bendicty,Strangeways,bstrangeways16@ask.com,Male,163.230.250.202
44,Lyell,Mangin,lmangin17@squarespace.com,Non-binary,180.85.90.48
45,Perceval,Filipczak,pfilipczak18@so-net.ne.jp,Male,57.148.21.47
46,George,Franzewitch,gfranzewitch19@boston.com,Female,237.250.183.213
47,Aurora,Brushneen,abrushneen1a@bbb.org,Female,237.216.51.37
48,Pauline,Giorgioni,pgiorgioni1b@archive.org,Female,250.198.166.97
49,Rosaline,Brett,rbrett1c@macromedia.com,Agender,138.37.105.124
50,Flossie,Vedenichev,fvedenichev1d@canalblog.com,Female,55.14.123.138
51,Mala,Fearnehough,mfearnehough1e@spotify.com,Female,230.233.183.127
52,Ginevra,Bafford,gbafford1f@blogs.com,Female,81.18.230.71
53,Emmy,Lieber,elieber1g@deviantart.com,Female,79.224.241.26
54,Candide,Leslie,cleslie1h@census.gov,Female,192.249.219.91
55,Matthaeus,MacIlory,mmacilory1i@yolasite.com,Male,152.32.39.29
56,Ambrose,Tettley,atettley1j@howstuffworks.com,Male,141.203.182.11
57,North,Starcks,nstarcks1k@usatoday.com,Male,107.114.38.54
58,Dallon,Danforth,ddanforth1l@msu.edu,Genderfluid,248.255.153.137
59,Trix,Schoffler,tschoffler1m@narod.ru,Female,144.118.248.242
60,Jehu,Lanney,jlanney1n@e-recht24.de,Male,99.98.111.118
61,Clim,Chidler,cchidler1o@cam.ac.uk,Male,24.168.214.112
62,Clevey,Sweatman,csweatman1p@exblog.jp,Male,78.230.113.160
63,Drucill,Basant,dbasant1q@bluehost.com,Female,116.196.189.218
64,Kimmie,Charrisson,kcharrisson1r@barnesandnoble.com,Genderfluid,139.128.72.165
65,Orrin,Davidman,odavidman1s@sourceforge.net,Male,193.199.161.187
66,Maridel,Elphick,melphick1t@purevolume.com,Female,72.152.38.234
67,Isahella,Christian,ichristian1u@networkadvertising.org,Female,33.0.59.39
68,Sianna,Medler,smedler1v@ucla.edu,Female,38.47.25.216
69,Evan,Stillman,estillman1w@ftc.gov,Male,216.217.127.132
70,Abigail,Curry,acurry1x@wikia.com,Female,195.254.87.164
71,Alayne,Rodnight,arodnight1y@creativecommons.org,Female,16.18.172.221
72,Ettie,O'Hannigan,eohannigan1z@ox.ac.uk,Female,135.131.73.123
73,Deedee,Chasle,dchasle20@wikispaces.com,Female,19.61.85.35
74,Aldwin,Aleksidze,aaleksidze21@apache.org,Male,161.96.178.171
75,Casper,Cole,ccole22@myspace.com,Male,27.251.21.66
76,Merrili,Claybourn,mclaybourn23@cloudflare.com,Female,68.4.174.181
77,Sissie,McGraith,smcgraith24@discuz.net,Female,179.42.103.37
78,Geri,Syphus,gsyphus25@merriam-webster.com,Female,44.18.28.87
79,Junina,Wyatt,jwyatt26@dropbox.com,Female,44.83.13.172
80,Andrei,Gable,agable27@ebay.com,Female,106.80.166.35
81,Laetitia,Hinckesman,lhinckesman28@globo.com,Female,148.32.250.5
82,Gibb,Signorelli,gsignorelli29@google.com.au,Male,99.40.148.9
83,Joyous,Meeking,jmeeking2a@ifeng.com,Agender,188.189.0.8
84,Marthe,Nutbeem,mnutbeem2b@ucoz.com,Female,138.243.111.163
85,Bailey,Sussams,bsussams2c@networkadvertising.org,Male,70.151.235.18
86,Cahra,Stouther,cstouther2d@princeton.edu,Female,75.255.155.20
87,Noam,Stonbridge,nstonbridge2e@creativecommons.org,Male,144.104.96.170
88,Fowler,Ogles,fogles2f@deviantart.com,Male,86.83.50.134
89,Ameline,Strong,astrong2g@springer.com,Female,74.81.47.116
90,Niven,Gerrey,ngerrey2h@huffingtonpost.com,Male,106.101.30.76
91,Austin,Bilovus,abilovus2i@bravesites.com,Male,228.250.196.113
92,Kev,Harriday,kharriday2j@wufoo.com,Genderqueer,249.230.200.118
93,Ferguson,Searston,fsearston2k@nsw.gov.au,Male,176.238.114.165
94,Karola,Pastor,kpastor2l@huffingtonpost.com,Female,167.36.51.190
95,Melisenda,Crippes,mcrippes2m@google.nl,Female,54.85.113.11
96,Dorette,Tailby,dtailby2n@ihg.com,Female,222.90.136.27
97,Gert,Harmour,gharmour2o@squarespace.com,Female,57.221.9.244
98,Cazzie,MacElharge,cmacelharge2p@plala.or.jp,Male,81.184.170.193
99,Fonsie,Hannah,fhannah2q@hexun.com,Male,199.154.176.2
100,Garwood,Rahl,grahl2r@soundcloud.com,Male,31.37.194.145
101,Talya,Dudeney,tdudeney2s@ted.com,Polygender,250.212.142.150
102,Guenna,Tatersale,gtatersale2t@instagram.com,Female,94.203.145.60
103,Alyss,Edmans,aedmans2u@homestead.com,Female,135.105.113.39
104,Legra,Meakin,lmeakin2v@ycombinator.com,Female,98.80.153.96
105,Elsworth,Newick,enewick2w@godaddy.com,Male,40.0.185.82
106,Stefanie,Loxston,sloxston2x@va.gov,Agender,84.119.196.113
107,Gayle,Rawkesby,grawkesby2y@upenn.edu,Female,25.253.95.200
108,Kalvin,Vockings,kvockings2z@tamu.edu,Male,186.78.139.220
109,Germaine,Keilty,gkeilty30@uol.com.br,Male,143.150.186.42
110,Eachelle,Arblaster,earblaster31@blog.com,Female,202.92.25.40
111,Greer,Ridde,gridde32@bloglines.com,Female,173.174.14.95
112,Efrem,Ast,east33@webeden.co.uk,Male,4.215.127.201
113,Lani,O'Ruane,loruane34@jigsy.com,Female,196.45.171.199
114,Layla,Dorot,ldorot35@cbc.ca,Female,138.77.73.168
115,Lishe,Silveston,lsilveston36@goo.ne.jp,Female,245.117.128.59
116,Claudian,Ferrarese,cferrarese37@lycos.com,Male,67.127.178.26
117,Casper,Mungane,cmungane38@delicious.com,Male,103.100.153.118
118,Arly,Shillom,ashillom39@vk.com,Polygender,37.24.162.180
119,Saba,Arnold,sarnold3a@t.co,Female,94.52.206.139
120,Alejandro,Niess,aniess3b@typepad.com,Male,138.158.128.207
121,Adriaens,Kendrew,akendrew3c@ameblo.jp,Genderqueer,34.101.170.181
122,Cletis,Basilone,cbasilone3d@indiatimes.com,Non-binary,221.75.52.240
123,Lillian,Mungane,lmungane3e@bizjournals.com,Female,78.41.13.89
124,Findley,Walworth,fwalworth3f@blogs.com,Male,97.129.235.179
125,Slade,Condict,scondict3g@youtube.com,Male,72.122.3.10
126,Whitney,Sellen,wsellen3h@google.it,Male,52.125.249.68
127,Lalo,Staynes,lstaynes3i@wiley.com,Male,244.170.237.23
128,Margit,Braywood,mbraywood3j@wordpress.com,Female,113.235.107.129
129,Allsun,Thomton,athomton3k@squarespace.com,Female,79.6.230.92
130,John,Chiese,jchiese3l@quantcast.com,Male,123.125.9.117
131,Junina,Fabler,jfabler3m@comcast.net,Female,236.169.0.58
132,Brandon,Halshaw,bhalshaw3n@4shared.com,Male,108.74.239.57
133,Imelda,Hayter,ihayter3o@wordpress.com,Female,122.247.73.125
134,Florentia,Windless,fwindless3p@ycombinator.com,Genderqueer,141.251.110.166
135,Bambi,Probets,bprobets3q@forbes.com,Female,255.116.20.191
136,Shadow,Alexsandrev,salexsandrev3r@craigslist.org,Male,176.179.239.3
137,Hugh,Sibly,hsibly3s@mozilla.com,Male,180.231.105.181
138,Hubert,Dohms,hdohms3t@zdnet.com,Male,200.177.220.250
139,Bordy,McGroarty,bmcgroarty3u@tmall.com,Male,158.217.217.172
140,Urbain,Presho,upresho3v@dropbox.com,Male,46.54.245.207
141,Dahlia,MacGettigen,dmacgettigen3w@yolasite.com,Female,65.181.213.204
142,Jackqueline,Greenhouse,jgreenhouse3x@mac.com,Female,209.154.232.189
143,Patricio,Braycotton,pbraycotton3y@flavors.me,Male,42.7.162.193
144,Wit,Kubal,wkubal3z@indiegogo.com,Male,133.94.115.245
145,Creighton,Cosins,ccosins40@odnoklassniki.ru,Male,56.87.239.236
146,Mildrid,Mallalieu,mmallalieu41@seattletimes.com,Female,180.39.205.54
147,Piotr,Pickvance,ppickvance42@edublogs.org,Male,158.202.211.154
148,Morgen,Isgar,misgar43@google.pl,Male,81.83.169.173
149,Pearline,Carmo,pcarmo44@cyberchimps.com,Female,202.104.53.74
150,Bruno,Buxy,bbuxy45@livejournal.com,Polygender,81.23.229.150
151,Brana,Olennikov,bolennikov46@rambler.ru,Female,254.94.255.243
152,Toni,Vasilik,tvasilik47@wp.com,Female,115.246.152.250
153,Christie,De Paepe,cdepaepe48@washington.edu,Male,252.252.255.109
154,Ellissa,Jickles,ejickles49@delicious.com,Female,207.216.166.227
155,Terry,Porch,tporch4a@ask.com,Female,118.88.168.162
156,Letta,Habden,lhabden4b@blogger.com,Female,70.192.159.236
157,Ibbie,Tippell,itippell4c@photobucket.com,Female,58.93.249.148
158,Brian,Sinnott,bsinnott4d@newsvine.com,Non-binary,106.21.60.199
159,Mal,Lanktree,mlanktree4e@amazon.co.jp,Male,170.149.114.128
160,Cassandra,Kenworthy,ckenworthy4f@blog.com,Female,17.113.0.188
161,Gratiana,Rainger,grainger4g@histats.com,Non-binary,233.7.157.91
162,Lela,MacPeake,lmacpeake4h@bigcartel.com,Female,11.95.155.223
163,Carilyn,Timperley,ctimperley4i@ustream.tv,Female,245.57.127.160
164,Erie,Coggell,ecoggell4j@networksolutions.com,Male,249.126.225.57
165,Andrus,Nutton,anutton4k@oaic.gov.au,Male,25.27.150.240
166,Romonda,Bushnell,rbushnell4l@mac.com,Female,255.44.145.240
167,Sukey,Clue,sclue4m@booking.com,Female,136.217.248.29
168,Alejandra,Morriss,amorriss4n@amazon.co.jp,Female,146.91.26.49
169,Tatiana,Alwell,talwell4o@tripod.com,Female,184.51.8.31
170,Linzy,Algie,lalgie4p@reverbnation.com,Female,158.209.10.89
171,Prudi,Bynold,pbynold4q@phoca.cz,Female,23.213.159.192
172,Drucy,Nassie,dnassie4r@gizmodo.com,Female,177.85.22.11
173,Ann,Roullier,aroullier4s@alexa.com,Female,127.253.164.219
174,Mallory,Woodcroft,mwoodcroft4t@photobucket.com,Female,64.179.199.232
175,Winslow,McKeeman,wmckeeman4u@smh.com.au,Male,102.55.181.177
176,Brade,Vasilic,bvasilic4v@bloomberg.com,Male,42.213.104.35
177,Herminia,Innocent,hinnocent4w@slideshare.net,Female,133.24.50.82
178,Alys,Statham,astatham4x@seattletimes.com,Female,131.223.28.19
179,Anissa,Booton,abooton4y@nydailynews.com,Female,29.203.109.238
180,Noelyn,Jehu,njehu4z@china.com.cn,Female,28.51.1.6
181,Kort,Togher,ktogher50@is.gd,Polygender,126.79.38.20
182,Rivy,Buglass,rbuglass51@umn.edu,Female,203.95.239.172
183,Gay,Martineau,gmartineau52@hatena.ne.jp,Female,28.208.91.236
184,Shalne,Sawart,ssawart53@hatena.ne.jp,Female,32.6.113.8
185,Bamby,Stork,bstork54@indiegogo.com,Female,183.189.143.6
186,Jayson,Bradwell,jbradwell55@rakuten.co.jp,Male,204.172.102.147
187,Tani,Olanda,tolanda56@hp.com,Female,172.217.134.11
188,Drucie,Hartright,dhartright57@cnet.com,Female,169.136.167.233
189,Chicky,Fidele,cfidele58@aol.com,Male,196.159.239.63
190,Angil,Marchington,amarchington59@hostgator.com,Female,16.44.112.85
191,Libbey,Janeway,ljaneway5a@jiathis.com,Female,10.203.212.92
192,Dody,Olyonov,dolyonov5b@time.com,Female,196.117.6.241
193,Gerhardt,Trase,gtrase5c@nymag.com,Male,212.107.203.145
194,Tamarah,Ramsay,tramsay5d@thetimes.co.uk,Female,57.225.130.44
195,Allen,Roselli,aroselli5e@huffingtonpost.com,Male,211.244.218.149
196,Tremayne,Pogson,tpogson5f@google.com.hk,Male,71.4.22.108
197,Ardeen,Kuhle,akuhle5g@4shared.com,Female,125.192.217.90
198,Nataline,Tullett,ntullett5h@jiathis.com,Female,65.227.192.74
199,Rutter,Yann,ryann5i@sphinn.com,Polygender,5.221.68.15
200,Cord,Lorain,clorain5j@delicious.com,Male,172.44.225.11
